{"cameraMode":{"drawMode":0,"name":"Shaded","section":"Shading Mode"},"sceneLighting":false,"audioPlay":false,"sceneViewState":{"m_AlwaysRefresh":false,"showFog":false,"showSkybox":false,"showFlares":false,"showImageEffects":false,"showParticleSystems":false,"showVisualEffectGraphs":true,"m_FxEnabled":false},"in2DMode":false,"pivot":{"x":0.00011897087097167969,"y":1.0437514781951905,"z":-0.013154253363609314},"rotation":{"x":0.12795764207839967,"y":-0.363618403673172,"z":0.05050025135278702,"w":0.9213354587554932},"size":1.434504508972168,"orthographic":true}